max_coal,average_cost,num_iters,time
2.0,191.4458922984993,70.0,146.1644468307495
3.0,191.4458922984993,70.0,128.05764889717102
