num_builds,average_cost,num_iters,time
2.0,245.72827833091998,19.8125,180.33872985839844
3.0,185.93198740098254,646.8958333333334,6388.107064008713
